{"cameraMode":{"drawMode":0,"name":"Shaded","section":"Shading Mode"},"sceneLighting":false,"audioPlay":false,"sceneViewState":{"m_AlwaysRefresh":false,"showFog":true,"showSkybox":false,"showFlares":true,"showImageEffects":true,"showParticleSystems":true,"showVisualEffectGraphs":true,"m_FxEnabled":true},"in2DMode":false,"pivot":{"x":0.5718339681625366,"y":0.29127007722854617,"z":-0.08092902600765228},"rotation":{"x":0.1427181214094162,"y":0.00978182628750801,"z":-0.0015417587710544468,"w":0.9898474216461182},"size":7.427606582641602,"orthographic":false}