{"cameraMode":{"drawMode":0,"name":"Shaded","section":"Shading Mode"},"sceneLighting":false,"audioPlay":false,"sceneViewState":{"m_AlwaysRefresh":false,"showFog":true,"showSkybox":false,"showFlares":true,"showImageEffects":true,"showParticleSystems":true,"showVisualEffectGraphs":true,"m_FxEnabled":true},"in2DMode":false,"pivot":{"x":2.9802322387695315e-8,"y":1.0499999523162842,"z":-0.39911702275276186},"rotation":{"x":-0.008237912319600582,"y":0.9912662506103516,"z":-0.07598014920949936,"w":-0.10747498273849487},"size":0.10346108675003052,"orthographic":true}