{"cameraMode":{"drawMode":0,"name":"Shaded","section":"Shading Mode"},"sceneLighting":false,"audioPlay":false,"sceneViewState":{"m_AlwaysRefresh":false,"showFog":true,"showSkybox":false,"showFlares":true,"showImageEffects":true,"showParticleSystems":true,"showVisualEffectGraphs":true,"m_FxEnabled":true},"in2DMode":false,"pivot":{"x":0.004410081077367067,"y":1.281949520111084,"z":-1.238196611404419},"rotation":{"x":-0.13917241990566255,"y":0.09168564528226853,"z":-0.012765697203576565,"w":-0.9860693216323853},"size":0.7569133043289185,"orthographic":false}