{"cameraMode":{"drawMode":0,"name":"Shaded","section":"Shading Mode"},"sceneLighting":false,"audioPlay":false,"sceneViewState":{"m_AlwaysRefresh":false,"showFog":true,"showSkybox":false,"showFlares":true,"showImageEffects":true,"showParticleSystems":true,"showVisualEffectGraphs":true,"m_FxEnabled":true},"in2DMode":false,"pivot":{"x":-0.07530000060796738,"y":-0.028720468282699586,"z":0.026813220232725145},"rotation":{"x":-0.23466083407402039,"y":-0.15494756400585175,"z":0.037917863577604297,"w":-0.9589049220085144},"size":0.07361732423305512,"orthographic":false}