{"cameraMode":{"drawMode":0,"name":"Shaded","section":"Shading Mode"},"sceneLighting":false,"audioPlay":false,"sceneViewState":{"m_AlwaysRefresh":false,"showFog":true,"showSkybox":false,"showFlares":true,"showImageEffects":true,"showParticleSystems":true,"showVisualEffectGraphs":true,"m_FxEnabled":true},"in2DMode":false,"pivot":{"x":-0.26791316270828249,"y":1.1629999876022339,"z":0.689770519733429},"rotation":{"x":-0.10332249850034714,"y":-0.1134391576051712,"z":0.012047575786709786,"w":-0.9882239699363709},"size":0.1938752382993698,"orthographic":false}