{"cameraMode":{"drawMode":0,"name":"Shaded","section":"Shading Mode"},"sceneLighting":true,"audioPlay":false,"sceneViewState":{"m_AlwaysRefresh":false,"showFog":true,"showSkybox":true,"showFlares":true,"showImageEffects":true,"showParticleSystems":true,"showVisualEffectGraphs":true,"m_FxEnabled":true},"in2DMode":false,"pivot":{"x":0.040445610880851749,"y":0.7244346141815186,"z":0.2613321542739868},"rotation":{"x":-0.10528233647346497,"y":0.13028794527053834,"z":0.013984661549329758,"w":0.985831081867218},"size":1.0951882600784302,"orthographic":false}