{"cameraMode":{"drawMode":0,"name":"Shaded","section":"Shading Mode"},"sceneLighting":true,"audioPlay":false,"sceneViewState":{"m_AlwaysRefresh":false,"showFog":true,"showSkybox":true,"showFlares":true,"showImageEffects":true,"showParticleSystems":true,"showVisualEffectGraphs":true,"m_FxEnabled":true},"in2DMode":false,"pivot":{"x":0.6696531772613525,"y":-0.06947845220565796,"z":-0.25125986337661745},"rotation":{"x":-0.11468906700611115,"y":-0.7745330333709717,"z":0.1469476819038391,"w":-0.6044666171073914},"size":0.7224745154380798,"orthographic":false}