{"cameraMode":{"drawMode":0,"name":"Shaded","section":"Shading Mode"},"sceneLighting":true,"audioPlay":false,"sceneViewState":{"m_AlwaysRefresh":false,"showFog":true,"showSkybox":true,"showFlares":true,"showImageEffects":true,"showParticleSystems":true,"showVisualEffectGraphs":true,"m_FxEnabled":true},"in2DMode":false,"pivot":{"x":0.05478305369615555,"y":0.1415131688117981,"z":0.0678061991930008},"rotation":{"x":-0.17876219749450684,"y":-0.6864744424819946,"z":0.180031418800354,"w":-0.6815133094787598},"size":0.2660873532295227,"orthographic":false}