{"cameraMode":{"drawMode":0,"name":"Shaded","section":"Shading Mode"},"sceneLighting":true,"audioPlay":false,"sceneViewState":{"m_AlwaysRefresh":false,"showFog":true,"showSkybox":true,"showFlares":true,"showImageEffects":true,"showParticleSystems":true,"showVisualEffectGraphs":true,"m_FxEnabled":true},"in2DMode":false,"pivot":{"x":-8.721697807312012,"y":2.550446033477783,"z":-11.929681777954102},"rotation":{"x":0.010106967762112618,"y":0.9511152505874634,"z":0.031304165720939639,"w":-0.30707794427871706},"size":9.667289733886719,"orthographic":false}