{"cameraMode":{"drawMode":0,"name":"Shaded","section":"Shading Mode"},"sceneLighting":true,"audioPlay":false,"sceneViewState":{"m_AlwaysRefresh":false,"showFog":true,"showSkybox":true,"showFlares":true,"showImageEffects":true,"showParticleSystems":true,"showVisualEffectGraphs":true,"m_FxEnabled":true},"in2DMode":false,"pivot":{"x":-0.22872662544250489,"y":2.7197399139404299,"z":-1.4727815389633179},"rotation":{"x":0.22851215302944184,"y":0.20921185612678529,"z":-0.05055473372340202,"w":0.949590265750885},"size":1.648651361465454,"orthographic":false}