{"cameraMode":{"drawMode":0,"name":"Shaded","section":"Shading Mode"},"sceneLighting":true,"audioPlay":false,"sceneViewState":{"m_AlwaysRefresh":false,"showFog":true,"showSkybox":true,"showFlares":true,"showImageEffects":true,"showParticleSystems":true,"showVisualEffectGraphs":true,"m_FxEnabled":true},"in2DMode":false,"pivot":{"x":2.7152175903320314,"y":-0.6308070421218872,"z":4.085594654083252},"rotation":{"x":-0.23466083407402039,"y":-0.15494756400585175,"z":0.037917863577604297,"w":-0.9589049220085144},"size":3.637357234954834,"orthographic":false}