{"cameraMode":{"drawMode":0,"name":"Shaded","section":"Shading Mode"},"sceneLighting":true,"audioPlay":false,"sceneViewState":{"m_AlwaysRefresh":false,"showFog":true,"showSkybox":true,"showFlares":true,"showImageEffects":true,"showParticleSystems":true,"showVisualEffectGraphs":true,"m_FxEnabled":true},"in2DMode":false,"pivot":{"x":-1.6506545543670655,"y":0.31911444664001467,"z":0.42385298013687136},"rotation":{"x":0.1104653924703598,"y":-0.5328240990638733,"z":0.07011650502681732,"w":0.8362178802490234},"size":2.1431362628936769,"orthographic":false}