{"cameraMode":{"drawMode":0,"name":"Shaded","section":"Shading Mode"},"sceneLighting":true,"audioPlay":false,"sceneViewState":{"m_AlwaysRefresh":false,"showFog":true,"showSkybox":true,"showFlares":true,"showImageEffects":true,"showParticleSystems":true,"showVisualEffectGraphs":true,"m_FxEnabled":true},"in2DMode":false,"pivot":{"x":-0.14950601756572724,"y":0.7120673060417175,"z":0.07623283565044403},"rotation":{"x":-0.4213024973869324,"y":0.1453198939561844,"z":-0.06860273331403732,"w":-0.8925876021385193},"size":0.45538651943206789,"orthographic":false}