{"cameraMode":{"drawMode":0,"name":"Shaded","section":"Shading Mode"},"sceneLighting":true,"audioPlay":false,"sceneViewState":{"m_AlwaysRefresh":false,"showFog":true,"showSkybox":true,"showFlares":true,"showImageEffects":true,"showParticleSystems":true,"showVisualEffectGraphs":true,"m_FxEnabled":true},"in2DMode":false,"pivot":{"x":0.061159372329711917,"y":0.6741806864738464,"z":0.828319251537323},"rotation":{"x":-0.10332249850034714,"y":-0.1134391576051712,"z":0.012047575786709786,"w":-0.9882239699363709},"size":0.8660253882408142,"orthographic":false}