{"cameraMode":{"drawMode":0,"name":"Shaded","section":"Shading Mode"},"sceneLighting":true,"audioPlay":false,"sceneViewState":{"m_AlwaysRefresh":false,"showFog":true,"showSkybox":true,"showFlares":true,"showImageEffects":true,"showParticleSystems":true,"showVisualEffectGraphs":true,"m_FxEnabled":true},"in2DMode":false,"pivot":{"x":-0.3280842900276184,"y":0.5033400058746338,"z":0.8909483551979065},"rotation":{"x":0.17529650032520295,"y":0.011208172887563706,"z":-0.002080857288092375,"w":0.9845805764198303},"size":1.4346505403518677,"orthographic":false}