{"cameraMode":{"drawMode":0,"name":"Shaded","section":"Shading Mode"},"sceneLighting":true,"audioPlay":false,"sceneViewState":{"m_AlwaysRefresh":false,"showFog":true,"showSkybox":true,"showFlares":true,"showImageEffects":true,"showParticleSystems":true,"showVisualEffectGraphs":true,"m_FxEnabled":true},"in2DMode":false,"pivot":{"x":-0.3222058415412903,"y":0.9496650695800781,"z":2.9856185913085939},"rotation":{"x":-0.019495021551847459,"y":-0.022798219695687295,"z":-0.0004113017930649221,"w":0.9995714426040649},"size":2.7409920692443849,"orthographic":true}