{"cameraMode":{"drawMode":0,"name":"Shaded","section":"Shading Mode"},"sceneLighting":true,"audioPlay":false,"sceneViewState":{"m_AlwaysRefresh":false,"showFog":true,"showSkybox":true,"showFlares":true,"showImageEffects":true,"showParticleSystems":true,"showVisualEffectGraphs":true,"m_FxEnabled":true},"in2DMode":false,"pivot":{"x":-0.042761337012052539,"y":1.1288533210754395,"z":2.7081403732299806},"rotation":{"x":0.12885238230228425,"y":0.13904915750026704,"z":-0.018211396411061288,"w":0.9817230105400086},"size":1.058693289756775,"orthographic":true}